n,t,M,AD_M,RE_M,Jx,AD_Jx,RE_Jx,Jy,AD_Jy,RE_Jy,E_reduced,AD_E_reduced,RE_E_reduced,E_longwave_quadratic,AD_E_longwave_quadratic,RE_E_longwave_quadratic,R_lw,Z_lw,H_defect,res_w,res_v,tail_ratio,boundary_max
0,0.0,25.13274122871835,0.0,0.0,-10.053096491487338,0.0,0.0,5.02654824574367,0.0,0.0,17.303918915220862,0.0,0.0,17.303918915220866,0.0,0.0,4.023455934711499e-16,0.0,1.2136578155660472e-13,1.2121546604953945e-16,1.3082640463252185e-16,6.508540350556404e-24,2.866794996873118e-10
20,0.02,25.132741228718515,1.6697754290362354e-13,6.6438253346126115e-15,-10.053096491487407,6.927791673660977e-14,6.89120180983755e-15,5.026548245743717,4.707345624410664e-14,9.364966562086926e-15,17.30391891690804,1.6871766206350003e-09,9.750257319750326e-11,17.303918916908042,1.6871766206350003e-09,9.750257319750324e-11,2.6828774328044118e-16,0.0,4.654057037974405e-13,1.1368492908193995e-16,1.3034524027919492e-16,6.509469821825743e-24,2.926229980876455e-10
40,0.04,25.132741228718693,3.446132268436486e-13,1.3711724626753689e-14,-10.053096491487473,1.3500311979441904e-13,1.3429008655068047e-14,5.0265482457437685,9.85878045867139e-14,1.9613420535691485e-14,17.303918921946224,6.725361600956603e-09,3.8866118327916906e-10,17.303918921946227,6.725361600956603e-09,3.8866118327916896e-10,2.684596928099851e-16,0.0,2.4592480024369316e-13,1.2409814475414169e-16,1.4113956893179313e-16,6.5096131699425165e-24,2.982540521859647e-10
60,0.06,25.132741228718842,4.938272013532696e-13,1.9648760032152193e-14,-10.053096491487533,1.9539925233402755e-13,1.9436723053387964e-14,5.026548245743818,1.4832579608992091e-13,2.9508479544688993e-14,17.303918930267308,1.5046445867028524e-08,8.695397811759987e-10,17.303918930267315,1.5046449419742203e-08,8.695399864886619e-10,1.3437298276863347e-16,0.0,1.2849745660988001e-13,1.2365822157422602e-16,1.4097567554894818e-16,6.508689109532703e-24,3.0275066936385623e-10
80,0.08,25.132741228719013,6.643574579356937e-13,2.6433943352607626e-14,-10.053096491487594,2.5579538487363607e-13,2.544443745170788e-14,5.026548245743869,1.9895196601282805e-13,3.9580236035990026e-14,17.303918941760315,2.653945330166607e-08,1.5337250152230652e-09,17.303918941760323,2.653945685437975e-08,1.5337252205357283e-09,2.6914610161415457e-16,0.0,4.636835796059381e-13,1.3031870611046675e-16,1.330110742197258e-16,6.5112446866274385e-24,3.1100093766835545e-10
100,0.1,25.132741228719187,8.384404281969182e-13,3.336048465890588e-14,-10.053096491487656,3.1796787425264483e-13,3.162884933233132e-14,5.02654824574392,2.504663143554353e-13,4.9828690009594584e-14,17.303918956274728,4.1053866084439505e-08,2.3725184038124054e-09,17.30391895627473,4.1053866084439505e-08,2.372518403812405e-09,2.6965946684972606e-16,0.0,4.594724751878475e-13,1.3764788008321927e-16,1.4283845537533292e-16,6.528692716155242e-24,3.218576287195046e-10
120,0.12,25.13274122871935,1.0018652574217413e-12,3.986295200767567e-14,-10.053096491487718,3.801403636316536e-13,3.781326121295476e-14,5.026548245743971,3.0109248427834245e-13,5.990044650089562e-14,17.30391897362513,5.840426808845223e-08,3.375204679044012e-09,17.303918973625134,5.840426808845223e-08,3.3752046790440115e-09,4.0542789287153135e-16,0.0,4.630025629216317e-13,1.581948419601973e-16,1.5130999019081043e-16,6.638760120470282e-24,3.298199780076559e-10
140,0.14,25.132741228719528,1.1795009413617663e-12,4.693085129981675e-14,-10.053096491487779,4.405364961712621e-13,4.382097561127468e-14,5.026548245744025,3.552713678800501e-13,7.067899292141075e-14,17.303918993596646,7.837578408498302e-08,4.529366120413416e-09,17.303918993596646,7.837578053226935e-08,4.5293659151007516e-09,2.710225336416776e-16,0.0,1.169734687912539e-13,1.2985147076597108e-16,1.3063678435233351e-16,7.303730605210689e-24,3.3689862375735973e-10
160,0.16,25.132741228719702,1.3535839116229909e-12,5.3857392606115003e-14,-10.053096491487839,5.009326287108706e-13,4.9828690009594596e-14,5.026548245744079,4.0945025148175773e-13,8.14575393419259e-14,17.303919015950868,1.0073000566990231e-07,5.8212250163341455e-09,17.303919015950868,1.0073000211718863e-07,5.821224811021481e-09,2.7187018807641177e-16,0.0,1.1381166927749112e-13,1.4435194820684021e-16,1.4496583882438589e-16,1.063425815595284e-23,3.4579317387497236e-10
180,0.18,25.13274122871988,1.531219595563016e-12,6.092529189825608e-14,-10.053096491487901,5.631051180898794e-13,5.6013101890218036e-14,5.026548245744135,4.654054919228656e-13,9.258948072704809e-14,17.303919040432163,1.2521130088316568e-07,7.236008299427833e-09,17.30391904043217,1.2521130443587936e-07,7.236008504740495e-09,4.0924050732547525e-16,0.0,4.602649920770331e-13,1.3293205174833186e-16,1.2240558848480166e-16,2.4076494732023486e-23,3.5459683150556616e-10
200,0.2,25.132741228720057,1.708855279503041e-12,6.799319119039715e-14,-10.053096491487961,6.235012506294879e-13,6.202081628853796e-14,5.026548245744193,5.231370892033738e-13,1.0407481707677735e-13,17.303919066773883,1.5155302079961075e-07,8.758306227747072e-09,17.303919066773883,1.5155301724689707e-07,8.758306022434407e-09,1.369458263615516e-16,0.0,1.227101338881947e-13,1.3684724649764836e-16,1.2761361517018605e-16,7.005241674465208e-23,3.6391528681778544e-10
220,0.22,25.132741228720224,1.8758328224066645e-12,7.463701652500977e-14,-10.053096491488017,6.785683126508957e-13,6.749843823994729e-14,5.026548245744247,5.773159728050814e-13,1.1485336349729248e-13,17.303919094704305,1.7948344321894183e-07,1.03724158728612e-08,17.303919094704312,1.794834467716555e-07,1.037241607817386e-08,0.0,0.0,2.2762333855498224e-13,1.3546822780982614e-16,1.2840201774095363e-16,2.1441444308337554e-22,3.749614187497738e-10
240,0.24,25.132741228720395,2.0463630789890885e-12,8.142219984546521e-14,-10.053096491488073,7.354117315117037e-13,7.315275767366015e-14,5.026548245744304,6.341593916658894e-13,1.261620023647182e-13,17.303919123952273,2.0873141082233815e-07,1.2062666951053028e-08,17.303919123952276,2.0873141082233815e-07,1.2062666951053025e-08,2.763386570112363e-16,0.0,2.31335954426011e-13,1.3371248062700773e-16,1.5229977502813691e-16,6.452736281710639e-22,3.8633205197649175e-10
260,0.26,25.132741228720555,2.206235194535111e-12,8.778330920839217e-14,-10.053096491488128,7.904787935331115e-13,7.863037962506948e-14,5.026548245744363,6.927791673660977e-13,1.37824036196751e-13,17.303919154252,2.390311379940613e-07,1.3813699611352343e-08,17.303919154252004,2.390311379940613e-07,1.381369961135234e-08,4.1657690999024186e-16,0.0,2.307076569970579e-13,1.3308711017060277e-16,1.4450246013088187e-16,1.8299756123841047e-21,3.9845859666235575e-10
280,0.28,25.13274122872074,2.390976305832737e-12,9.513392447221889e-14,-10.053096491488189,8.5087492607272e-13,8.46380940233894e-14,5.02654824574442,7.505107646466058e-13,1.4930937254648023e-13,17.303919185347354,2.701264918414381e-07,1.5610711837295245e-08,17.303919185347358,2.701264918414381e-07,1.5610711837295242e-08,4.1879840807379535e-16,0.0,4.633397912876327e-13,1.2585649256518834e-16,1.351607361783574e-16,4.707770185302014e-21,4.121245027563343e-10
300,0.3,25.13274122872091,2.561506562415161e-12,1.0191910779267432e-13,-10.053096491488242,9.041656312547275e-13,8.993901849249521e-14,5.026548245744484,8.144596108650148e-13,1.6203159127233416e-13,17.303919216995283,3.0177442056356085e-07,1.7439657573644268e-08,17.303919216995283,3.0177441701084717e-07,1.74396573683316e-08,0.0,0.0,2.3150128146081585e-13,1.2246891459385806e-16,1.4836785374652995e-16,1.0813870415951644e-20,4.262912483420575e-10
320,0.32,25.132741228721073,2.7249313916399842e-12,1.0842157514144412e-13,-10.053096491488295,9.57456336436735e-13,9.523994296160101e-14,5.02654824574454,8.704148513061227e-13,1.7316353265745635e-13,17.303919248968526,3.33747664171824e-07,1.9287403379950524e-08,17.303919248968526,3.337476606191103e-07,1.9287403174637857e-08,1.412297371125593e-16,0.0,2.2762333855498224e-13,1.1420165191292078e-16,1.3670616497130623e-16,2.2393391131350793e-20,4.4137590364626665e-10
340,0.34,25.13274122872124,2.8919089345436078e-12,1.1506540047605673e-13,-10.05309649148835,1.0125233984581428e-12,1.0071756491301035e-13,5.026548245744602,9.316991622654314e-13,1.8535565893639972e-13,17.30391928105761,3.658367475622981e-07,2.1141843610957825e-08,17.303919281057613,3.658367475622981e-07,2.1141843610957822e-08,4.263535110226479e-16,0.0,2.2739233399347883e-13,1.3908264949863851e-16,1.2820904673092892e-16,4.294971028608209e-20,4.5794396181839283e-10
360,0.36,25.13274122872141,3.062439191126032e-12,1.2185058379651216e-13,-10.053096491488406,1.0675904604795505e-12,1.0619518686441968e-13,5.026548245744664,9.938716516444401e-13,1.977244826976466e-13,17.303919313072107,3.978512452817995e-07,2.299197350791085e-08,17.30391931307211,3.978512452817995e-07,2.2991973507910843e-08,4.2916041098817976e-16,0.0,4.687428401686771e-13,1.3043654802536902e-16,1.2416839830109786e-16,7.871504489491456e-20,4.752067010706392e-10
380,0.38,25.132741228721578,3.2294167340296553e-12,1.2849440913112476e-13,-10.053096491488454,1.1155520951433573e-12,1.1096601888661491e-13,5.026548245744728,1.0578204978628492e-12,2.1044670142350053e-13,17.30391934484129,4.296204281217797e-07,2.4827926565459858e-08,17.303919344841294,4.296204281217797e-07,2.4827926565459855e-08,2.8807162775200543e-16,0.0,9.141733599837057e-13,1.2659358070347588e-16,1.4863732552057247e-16,1.4063578068099214e-19,4.935788879575783e-10
400,0.4,25.132741228721756,3.4070524179696804e-12,1.3556230842326585e-13,-10.05309649148851,1.1723955140041653e-12,1.1662033832032778e-13,5.0265482457447925,1.1226575225009583e-12,2.23345617631658e-13,17.30391937621434,4.609934762811463e-07,2.6640986850420506e-08,17.303919376214346,4.6099347983385996e-07,2.6640987055733162e-08,4.3519217446317496e-16,0.0,1.7145294623352431e-13,1.2218182268707041e-16,1.4067112048717717e-16,2.451886029203359e-19,5.134988133639425e-10
420,0.42,25.132741228721926,3.5775826745521044e-12,1.4234749174372127e-13,-10.053096491488557,1.2185807918285718e-12,1.2121447286021947e-13,5.026548245744858,1.1883827255587676e-12,2.3642123132211897e-13,17.30391940705997,4.918391063313265e-07,2.842356744394418e-08,17.303919407059976,4.918391098840402e-07,2.8423567649256837e-08,4.3841223488482434e-16,0.0,4.687428401686771e-13,1.3777217407692052e-16,1.3964002692975948e-16,4.124264606963963e-19,5.343614741212065e-10
440,0.44,25.132741228722093,3.744560217455728e-12,1.489913170783339e-13,-10.053096491488606,1.2683187833317788e-12,1.2616200236471824e-13,5.02654824574492,1.2505552149377763e-12,2.487900550833659e-13,17.30391943726589,5.220450276510746e-07,3.016917902868052e-08,17.303919437265893,5.220450276510746e-07,3.0169179028680514e-08,1.4725510439276184e-16,0.0,2.3013249603851656e-13,1.5446083382031393e-16,1.5615224434499442e-16,6.620657857458262e-19,5.565801724154334e-10
460,0.46,25.132741228722267,3.9186431877169525e-12,1.5591785838463214e-13,-10.05309649148866,1.3216094885137863e-12,1.3146292683382403e-13,5.026548245744986,1.3162804179955856e-12,2.618656687738269e-13,17.30391946673778,5.515169192449321e-07,3.187237075873036e-08,17.30391946673778,5.515169156922184e-07,3.1872370553417686e-08,1.4841639129956883e-16,0.0,4.743637797012786e-13,1.3123150312214454e-16,1.3200114480920996e-16,1.0114954096116435e-18,5.805019684257456e-10
480,0.48,25.132741228722427,4.078515303262975e-12,1.622789677475591e-13,-10.05309649148871,1.3713474800169934e-12,1.364104563383228e-13,5.026548245745054,1.3837819778927951e-12,2.752946774288949e-13,17.303919495398194,5.80177331954701e-07,3.3528666818032764e-08,17.303919495398198,5.80177331954701e-07,3.352866681803275e-08,2.992411091255593e-16,0.0,3.4152279280065327e-13,1.4492680681551343e-16,1.2670323321879187e-16,1.479974125813282e-18,6.05678497284747e-10
500,0.5,25.132741228722594,4.245492846166599e-12,1.6892279308217174e-13,-10.053096491488754,1.4157564010019996e-12,1.4082789339591097e-13,5.0265482457451185,1.4486190025309043e-12,2.881935936370524e-13,17.303919523185343,6.079644805367934e-07,3.513449661405949e-08,17.303919523185346,6.079644805367934e-07,3.513449661405948e-08,1.5086690587970405e-16,0.0,1.1457157353758233e-13,1.4728740286370281e-16,1.331537020089022e-16,2.0993269810508184e-18,6.325196283777523e-10
520,0.52,25.132741228722754,4.405364961712621e-12,1.752839024450987e-13,-10.0530964914888,1.4619416788264061e-12,1.4542202793580266e-13,5.026548245745187,1.5170087408478139e-12,3.0179929977442394e-13,17.30391955005168,6.348308190240459e-07,3.668711244743698e-08,17.30391955005168,6.348308154713322e-07,3.6687112242124314e-08,6.086191524164029e-16,0.0,2.2837069025155467e-13,1.513020797887557e-16,1.4524047367282195e-16,2.9253308749285167e-18,6.613251854253742e-10
540,0.54,25.13274122872292,4.572342504616245e-12,1.819277277797113e-13,-10.053096491488848,1.5099033134902129e-12,1.501928599579979e-13,5.026548245745255,1.5853984791647235e-12,3.154050059117955e-13,17.303919575962553,6.607416906945218e-07,3.818451149313431e-08,17.303919575962556,6.607416906945218e-07,3.8184511493134304e-08,4.604507295309155e-16,0.0,9.128469485094744e-13,1.2380202582464234e-16,1.329556205061375e-16,4.0403855632844724e-18,6.917649879039625e-10
560,0.56,25.132741228723095,4.746425474877469e-12,1.8885426908600957e-13,-10.053096491488892,1.5543122344752192e-12,1.5461029701558607e-13,5.026548245745321,1.6511236822225328e-12,3.2848061960225653e-13,17.303919600894844,6.856739815930268e-07,3.962535798696374e-08,17.303919600894847,6.856739815930268e-07,3.9625357986963734e-08,3.097053593738408e-16,0.0,4.655004020764636e-13,1.1431195138572906e-16,1.3509930937978766e-16,5.540685663507522e-18,7.242598690482268e-10
580,0.58,25.132741228723265,4.916955731459893e-12,1.95639452406465e-13,-10.053096491488937,1.5987211554602254e-12,1.5902773407317423e-13,5.026548245745394,1.723954312637943e-12,3.4296981315114573e-13,17.303919624835583,7.096147207619197e-07,4.10089023323914e-08,17.303919624835586,7.096147207619197e-07,4.1008902332391394e-08,0.0,0.0,4.552466771099645e-13,1.4585212125151238e-16,1.3561877515955015e-16,7.509810587976956e-18,7.590783341910828e-10
600,0.6,25.132741228723425,5.076827847005916e-12,2.0200056176939196e-13,-10.053096491488983,1.644906433284632e-12,1.6362186861306595e-13,5.026548245745464,1.794120407794253e-12,3.5692891425312434e-13,17.303919647780695,7.325598332386107e-07,4.233490903579244e-08,17.3039196477807,7.325598332386107e-07,4.233490903579243e-08,3.1541926869606794e-16,0.0,4.655004020764636e-13,1.151348335560108e-16,1.4204104659271864e-16,9.990862128759981e-18,7.96011154479548e-10
620,0.62,25.13274122872359,5.240252676230739e-12,2.0850302911816174e-13,-10.053096491489026,1.687538997430238e-12,1.678626081883506e-13,5.026548245745532,1.8625101461111626e-12,3.7053462039049593e-13,17.30391966973377,7.545129072639156e-07,4.3603585462956824e-08,17.303919669733776,7.545129108166293e-07,4.360358566826948e-08,4.77589419557836e-16,0.0,2.31335954426011e-13,1.556684232138174e-16,1.3387090311455556e-16,1.2974167746135891e-17,8.354781702700971e-10
640,0.64,25.13274122872376,5.410782932813163e-12,2.152882124386172e-13,-10.05309649148907,1.7319479184152442e-12,1.7228004524593877e-13,5.026548245745604,1.9344525981068728e-12,3.8484711645708157e-13,17.303919690704923,7.754840609663916e-07,4.481551634434977e-08,17.303919690704927,7.754840609663916e-07,4.4815516344349764e-08,3.214432025593774e-16,0.0,1.7112135109858136e-13,1.2027586149773142e-16,1.3604517267945426e-16,1.6411990599663107e-17,8.777512836533173e-10
660,0.66,25.13274122872392,5.5706550483591855e-12,2.2164932180154416e-13,-10.05309649148911,1.77280412572145e-12,1.7634408733891987e-13,5.026548245745677,2.007283228522283e-12,3.9933631000597077e-13,17.303919710709753,7.954888907590885e-07,4.597160300256337e-08,17.30391971070976,7.954888943118021e-07,4.5971603207876026e-08,3.245691935852037e-16,0.0,4.582862941503293e-13,1.3733982731284986e-16,1.4434310609553103e-16,2.0256666539189725e-17,9.227216755612775e-10
680,0.68,25.132741228724086,5.737632591262809e-12,2.2829314713615676e-13,-10.053096491489153,1.815436689867056e-12,1.8058482691420452e-13,5.026548245745753,2.0827783941967937e-12,4.1435559600177056e-13,17.30391972976841,8.145475476339925e-07,4.7073009971024105e-08,17.303919729768413,8.145475476339925e-07,4.70730099710241e-08,4.916552123664954e-16,0.0,4.62671908852022e-13,1.1931605087126737e-16,1.2162397593605578e-16,2.4502324737520793e-17,9.708343170082179e-10
700,0.7000000000000001,25.132741228724242,5.893951993130031e-12,2.3451289851324093e-13,-10.05309649148919,1.8527401834944612e-12,1.842954740425786e-13,5.0265482457458255,2.155609024612204e-12,4.288447895506598e-13,17.303919747904693,8.32683831220038e-07,4.8121112639263746e-08,17.303919747904693,8.326838276673243e-07,4.812111243395107e-08,4.965679994806715e-16,0.0,4.556346636343676e-13,1.303913375082881e-16,1.5068568235154972e-16,2.9203860856812065e-17,1.022377360421028e-09
720,0.72,25.13274122872442,6.071587677070056e-12,2.41580797805382e-13,-10.053096491489239,1.900701818158268e-12,1.8906630606477383e-13,5.0265482457459,2.2302160118670145e-12,4.4368737806415603e-13,17.30391976514533,8.499244685822305e-07,4.9117455574448624e-08,17.30391976514533,8.499244650295168e-07,4.911745536913595e-08,1.6719705843124625e-16,0.0,2.274846706538671e-13,1.4177176278284118e-16,1.4827672513633855e-16,3.445625348194688e-17,1.0773473699347153e-09
740,0.74,25.13274122872458,6.231459792616079e-12,2.4794190716830896e-13,-10.053096491489278,1.9397816686250735e-12,1.929536506754514e-13,5.026548245745976,2.305711177541525e-12,4.587066640599559e-13,17.303919781519227,8.662983645990607e-07,5.006370920040773e-08,17.303919781519227,8.662983610463471e-07,5.006370899509506e-08,5.067238543891347e-16,0.0,2.278173318171838e-13,1.2911024573267926e-16,1.294236396541008e-16,4.033857404203451e-17,1.1362168449448975e-09
760,0.76,25.132741228724747,6.398437335519702e-12,2.545857325029216e-13,-10.053096491489319,1.9806378759312793e-12,1.9701769276843253e-13,5.026548245746051,2.3812063432160357e-12,4.737259500557557e-13,17.303919797056956,8.818360939244485e-07,5.096164043792181e-08,17.30391979705696,8.818360939244485e-07,5.0961640437921805e-08,1.7065507974233532e-16,0.0,1.4210854715202004e-13,1.3004272489805592e-16,1.3642240813408168e-16,4.6848053268169563e-17,1.1993157456088698e-09
780,0.78,25.132741228724914,6.565414878423326e-12,2.6122955783753416e-13,-10.053096491489361,2.0232704400768853e-12,2.0125843234371717e-13,5.026548245746127,2.4567015088905464e-12,4.887452360515554e-13,17.30391981179018,8.965693183426993e-07,5.181307903344661e-08,17.30391981179018,8.965693147899856e-07,5.1813078828133935e-08,1.724382056055978e-16,0.0,2.278173318171838e-13,1.2694648103835536e-16,1.3395984990962816e-16,5.385772914987861e-17,1.2667472525621468e-09
800,0.8,25.13274122872508,6.732392421326949e-12,2.678733831721468e-13,-10.053096491489406,2.0676793610618915e-12,2.0567586940130535e-13,5.026548245746201,2.531308496145357e-12,5.035878245650517e-13,17.30391982575121,9.10530346232008e-07,5.261989210034258e-08,17.30391982575121,9.105303426792943e-07,5.261989189502991e-08,1.7425711841392385e-16,0.0,2.2914314707516465e-13,1.2945684556396264e-16,1.2655996840251317e-16,6.112159205007214e-17,1.3392278893143738e-09
820,0.8200000000000001,25.13274122872525,6.902922677909373e-12,2.7465856649260224e-13,-10.053096491489448,2.1103119252074976e-12,2.0991660897659e-13,5.026548245746274,2.604139126560767e-12,5.180770181139409e-13,17.30391983897262,9.23751759529523e-07,5.338396256104528e-08,17.30391983897262,9.237517559768094e-07,5.338396235573261e-08,1.7611163335889538e-16,0.0,1.7419169285135556e-13,1.0420894260560342e-16,1.3811735531896797e-16,6.832876079731357e-17,1.4169878623397214e-09
840,0.84,25.13274122872542,7.069900220812997e-12,2.813023918272148e-13,-10.053096491489487,2.149391775674303e-12,2.1380395358726759e-13,5.026548245746349,2.6787461138155777e-12,5.329196066274371e-13,17.30391985148693,9.36266069118119e-07,5.410716923173697e-08,17.30391985148694,9.362660726708327e-07,5.4107169437049625e-08,5.340047707351055e-16,0.0,1.7112135109858136e-13,1.468009293075061e-16,1.4292861344479653e-16,7.518470129211031e-17,1.5002394134486781e-09
860,0.86,25.132741228725592,7.243983191074221e-12,2.882289331335131e-13,-10.053096491489525,2.1866952693017083e-12,2.1751460071564164e-13,5.026548245746421,2.750688565811288e-12,5.472321026940228e-13,17.30391986332636,9.481054981108628e-07,5.4791374298274206e-08,17.30391986332636,9.481054945581491e-07,5.479137409296153e-08,1.7992685225965489e-16,0.0,4.655004020764636e-13,1.5110960811263875e-16,1.1602633260025547e-16,8.148448697230038e-17,1.5895836195257042e-09
880,0.88,25.132741228725752,7.403855306620244e-12,2.945900424964401e-13,-10.05309649148956,2.2222224060897133e-12,2.2104855036171219e-13,5.026548245746499,2.828848266744899e-12,5.627814811367332e-13,17.303919874522546,9.593016834230639e-07,5.543840606992407e-08,17.30391987452255,9.593016834230639e-07,5.543840606992406e-08,3.6377460947932976e-16,0.0,2.31335954426011e-13,1.3115910786300382e-16,1.529734393137926e-16,8.714674004032885e-17,1.68549712290308e-09
900,0.9,25.132741228725923,7.574385563202668e-12,3.013752258168955e-13,-10.0530964914896,2.261302256556519e-12,2.2493589497238978e-13,5.026548245746577,2.90700796767851e-12,5.783308595794436e-13,17.303919885106435,9.698855727435785e-07,5.605005302529698e-08,17.303919885106435,9.698855691908648e-07,5.6050052819984306e-08,3.677657078875096e-16,0.0,4.655004020764636e-13,1.2330774139193002e-16,1.47437121281164e-16,9.219517718625411e-17,1.7883337370423943e-09
920,0.92,25.13274122872609,7.741363106106292e-12,3.080190511515081e-13,-10.053096491489637,2.298605750183924e-12,2.2864654210076384e-13,5.026548245746653,2.9833913117727207e-12,5.935268430575468e-13,17.30391989510808,9.798872184774154e-07,5.662805190421216e-08,17.303919895108084,9.798872184774154e-07,5.6628051904212153e-08,3.7182685167460497e-16,0.0,1.214175959108492e-13,1.2029838382465826e-16,1.4130061485195964e-16,9.669872012954536e-17,1.8987964858729184e-09
940,0.9400000000000001,25.132741228726257,7.908340649009915e-12,3.1466287648612073e-13,-10.053096491489676,2.3376856006507296e-12,2.3253388671144145e-13,5.026548245746732,3.062439191126032e-12,6.092529189825608e-13,17.303919904556565,9.893357031387495e-07,5.717408339613177e-08,17.303919904556565,9.893356995860358e-07,5.7174083190819096e-08,3.7595792979280985e-16,0.0,4.655004020764636e-13,1.5006201939415803e-16,1.3901391287532562e-16,1.0069926413700611e-16,2.0174790244955894e-09
960,0.96,25.132741228726434,8.08597633294994e-12,3.217307757782618e-13,-10.053096491489717,2.3785418079569354e-12,2.365979288044226e-13,5.026548245746811,3.141487070479343e-12,6.249789949075746e-13,17.30391991347993,9.982590682966475e-07,5.768976803390759e-08,17.30391991347993,9.982590647439338e-07,5.768976782859492e-08,3.801588658730938e-16,0.0,2.278173318171838e-13,1.4460087874520265e-16,1.4613495148403005e-16,1.0416008122415263e-16,2.144892631608911e-09
980,0.98,25.132741228726594,8.245848448495963e-12,3.2809188514118876e-13,-10.053096491489747,2.4087398742267396e-12,2.3960178600358254e-13,5.026548245746889,3.218758592993254e-12,6.403516758679815e-13,17.30391992190507,1.0066842079936578e-06,5.817666003440115e-08,17.303919921905074,1.0066842079936578e-06,5.817666003440114e-08,5.766444239118751e-16,0.0,2.31335954426011e-13,1.289156822559857e-16,1.4096925998666271e-16,1.0695646457192438e-16,2.2818680318571547e-09
1000,1.0,25.132741228726758,8.409273277720786e-12,3.3459435248995857e-13,-10.053096491489782,2.4442670110147446e-12,2.4313573564965304e-13,5.0265482457469615,3.291589223408664e-12,6.548408694168707e-13,17.303919929857773,1.0146369113783749e-06,5.863624976223567e-08,17.30391992985778,1.0146369149310885e-06,5.8636249967548325e-08,5.831552493009174e-16,0.0,4.549693413077341e-13,1.4434625387298007e-16,1.3656928772388055e-16,1.0890993424995549e-16,2.4291657086973865e-09
1020,1.02,25.13274122872693,8.57980353430321e-12,3.41379535810414e-13,-10.05309649148982,2.48157050464215e-12,2.4684638277802714e-13,5.026548245747042,3.3724134596013755e-12,6.709203403064917e-13,17.303919937362654,1.0221417916511655e-06,5.906995962354282e-08,17.303919937362657,1.0221417916511655e-06,5.906995962354281e-08,0.0,0.0,4.723906993886732e-13,1.1724840010380995e-16,1.387019969231048e-16,1.0984844504469681e-16,2.5874711898622853e-09
1040,1.04,25.132741228727085,8.736122936170432e-12,3.4759928718749814e-13,-10.053096491489848,2.509992214072554e-12,2.4967354249488354e-13,5.026548245747123,3.453237695794087e-12,6.869998111961126e-13,17.30391994444314,1.0292222789587413e-06,5.947914365533735e-08,17.303919944443145,1.0292222789587413e-06,5.947914365533734e-08,1.9883037510443328e-16,0.0,1.1718571004216928e-13,1.2645966794522037e-16,1.39666045712851e-16,1.0966595645838678e-16,2.7577931990805305e-09
1060,1.06,25.132741228727255,8.906653192752856e-12,3.543844705079536e-13,-10.053096491489882,2.5437429940211587e-12,2.5303079465865057e-13,5.0265482457472,3.530509218307998e-12,7.023724921565194e-13,17.303919951121543,1.0359006807902915e-06,5.986509101583242e-08,17.303919951121543,1.0359006772375778e-06,5.986509081051975e-08,4.022108883542844e-16,0.0,1.156679772130055e-13,1.3393924370460609e-16,1.0104839796785218e-16,1.0835836024848113e-16,2.941106786817246e-09
1080,1.08,25.132741228727422,9.07363073565648e-12,3.6102829584256616e-13,-10.053096491489919,2.581046487648564e-12,2.567414417870246e-13,5.026548245747281,3.611333454500709e-12,7.184519630461404e-13,17.303919957418998,1.042198135792205e-06,6.022902331537492e-08,17.303919957419,1.042198135792205e-06,6.022902331537491e-08,2.034155158029302e-16,0.0,4.62671908852022e-13,1.4883285667144662e-16,1.335248779167953e-16,1.0602520918705577e-16,3.138314707899277e-09
1100,1.1,25.13274122872759,9.240608278560103e-12,3.676721211771788e-13,-10.053096491489951,2.6130209107577684e-12,2.599219964684881e-13,5.026548245747361,3.6912695122737205e-12,7.343547364534578e-13,17.30391996335555,1.0481346883750575e-06,6.057209892801147e-08,17.303919963355554,1.0481346883750575e-06,6.057209892801146e-08,4.1152128652819376e-16,0.0,2.31335954426011e-13,1.2752748658978784e-16,1.5444386625485147e-16,1.0284091438304886e-16,3.350643936320382e-09
1120,1.12,25.132741228727763,9.414691248821327e-12,3.7459866248347706e-13,-10.053096491489987,2.6485480475457734e-12,2.6345594611455864e-13,5.026548245747444,3.773870105305832e-12,7.507876023076858e-13,17.303919968950186,1.0537293242407486e-06,6.089541504461497e-08,17.30391996895019,1.0537293242407486e-06,6.089541504461496e-08,6.244226673781849e-16,0.0,1.1718571004216928e-13,1.2900412188549752e-16,1.307386004885436e-16,9.900929801090709e-17,3.5793523439161573e-09
1140,1.1400000000000001,25.13274122872793,9.581668791724951e-12,3.8124248781808964e-13,-10.053096491490018,2.680522470654978e-12,2.6663650079602216e-13,5.026548245747523,3.852917984659143e-12,7.665136782326997e-13,17.30391997422084,1.0589999774879288e-06,6.120000808350999e-08,17.30391997422084,1.0589999739352152e-06,6.120000787819732e-08,4.211126488490387e-16,0.0,2.2737367544323206e-13,1.3787100028956708e-16,1.4608667167599872e-16,9.471891607254401e-17,3.825619275218363e-09
1160,1.16,25.132741228728083,9.734435479913373e-12,3.87320881209331e-13,-10.053096491490047,2.708944180085382e-12,2.6946366051287855e-13,5.0265482457476,3.930189507173054e-12,7.818863591931065e-13,17.303919979184453,1.0639635910081324e-06,6.148685718078804e-08,17.303919979184457,1.0639635910081324e-06,6.148685718078802e-08,2.1300702789825714e-16,0.0,2.2914314707516465e-13,1.306862286601611e-16,1.4612208007458837e-16,9.011347020485935e-17,4.0909605411333955e-09
1180,1.18,25.132741228728257,9.908518450174597e-12,3.9424742251562926e-13,-10.053096491490082,2.744471316873387e-12,2.729976101589491e-13,5.026548245747681,4.0110137433657655e-12,7.979658300827275e-13,17.303919983857043,1.0686361804346234e-06,6.175688788593545e-08,17.303919983857043,1.0686361768819097e-06,6.175688768062278e-08,4.309861705348476e-16,0.0,1.1718571004216928e-13,1.180662129781284e-16,1.3575606489991591e-16,8.528386235143006e-17,4.376989281454103e-09
1200,1.2,25.132741228728406,1.0057732424684218e-11,4.0018445792102774e-13,-10.053096491490104,2.76578759894619e-12,2.7511797994659144e-13,5.02654824574776,4.090061622719077e-12,8.136919060077413e-13,17.303919988253696,1.0730328341423956e-06,6.201097216183348e-08,17.303919988253696,1.073032830589682e-06,6.201097195652081e-08,2.1801458855678674e-16,0.0,2.31335954426011e-13,1.3338859404690453e-16,1.4272627434812226e-16,8.027948388720058e-17,4.685203332151083e-09
1220,1.22,25.132741228728566,1.021760454023024e-11,4.0654556728395473e-13,-10.053096491490136,2.7977620220553945e-12,2.782985346280549e-13,5.0265482457478345,4.164668609973887e-12,8.285344945212377e-13,17.303919992388682,1.077167819829583e-06,6.224993454413812e-08,17.303919992388682,1.0771678162768694e-06,6.224993433882545e-08,2.2057163546327935e-16,0.0,1.1368683772161603e-13,1.332565228315153e-16,1.2183878849885424e-16,7.512994620413582e-17,5.017472335070663e-09
1240,1.24,25.132741228728726,1.0377476655776263e-11,4.1290667664688167e-13,-10.053096491490162,2.8244073746463982e-12,2.809489968626078e-13,5.026548245747916,4.246381024586299e-12,8.447906628931621e-13,17.303919996275436,1.0810545738593191e-06,6.247455152534214e-08,17.303919996275436,1.0810545703066055e-06,6.247455132002946e-08,3.3474649315042184e-16,0.0,1.156679772130055e-13,1.3378117669080291e-16,1.3235462727444754e-16,6.986679280294964e-17,5.3759206190519985e-09
1260,1.26,25.132741228728893,1.0544454198679887e-11,4.195505019814943e-13,-10.053096491490189,2.851052727237402e-12,2.8359945909716073e-13,5.026548245748001,4.330757974457811e-12,8.615769237119972e-13,17.303919999926638,1.0847057758667233e-06,6.268555586634102e-08,17.303919999926638,1.0847057723140097e-06,6.268555566102835e-08,2.257927757842327e-16,0.0,4.655004020764636e-13,1.2864035299840995e-16,1.2154027482385165e-16,6.453748921165163e-17,5.762556557249107e-09
1280,1.28,25.132741228729056,1.070787902790471e-11,4.260529693302641e-13,-10.053096491490216,2.8776980798284058e-12,2.862499213317136e-13,5.026548245748083,4.413358567489922e-12,8.780097895662252e-13,17.303920003354257,1.0881333949441796e-06,6.288363926549756e-08,17.303920003354257,1.088133391391466e-06,6.288363906018489e-08,0.0,0.0,2.2914314707516465e-13,1.2633167120126905e-16,1.299276231136407e-16,5.920878160573758e-17,6.179683377954387e-09
1300,1.3,25.132741228729206,1.0857093002414331e-11,4.319900047356626e-13,-10.053096491490244,2.9061197892588098e-12,2.8907708104857006e-13,5.026548245748162,4.4924064468432334e-12,8.937358654912391e-13,17.303920006569566,1.0913487038521907e-06,6.306945317989258e-08,17.30392000656957,1.0913487038521907e-06,6.306945317989256e-08,5.778934497841001e-16,0.0,2.3437142008433856e-13,1.5821496927710683e-16,1.3688585042152556e-16,5.396084390935377e-17,6.629739336529584e-09
1320,1.32,25.132741228729376,1.1027623258996755e-11,4.3877518805611803e-13,-10.05309649149027,2.9327651418498135e-12,2.9172754328312294e-13,5.026548245748242,4.572342504616245e-12,9.096386388985564e-13,17.303920009583262,1.0943623998116436e-06,6.32436158059554e-08,17.303920009583262,1.09436239625893e-06,6.324361560064272e-08,3.5084065498181447e-16,0.0,2.2914314707516465e-13,1.2726254179508406e-16,1.1309296315581196e-16,4.8876169597805496e-17,7.114903915425978e-09
1340,1.34,25.13274122872955,1.120170622925798e-11,4.457017293624163e-13,-10.053096491490304,2.9665159217984183e-12,2.9508479544688997e-13,5.026548245748323,4.653166740808956e-12,9.257181097881774e-13,17.303920012405392,1.097184529896822e-06,6.340670776789794e-08,17.303920012405392,1.0971845263441082e-06,6.340670756258527e-08,3.549995683230023e-16,0.0,2.382173337059642e-13,1.1466504277899092e-16,1.2612207608235092e-16,4.402773863997027e-17,7.638123562644406e-09
1360,1.36,25.13274122872971,1.1361578344804002e-11,4.5206283872534324e-13,-10.053096491490333,2.9949376312288223e-12,2.979119551637464e-13,5.026548245748401,4.731326441742567e-12,9.412674882308878e-13,17.30392001504547,1.0998246082749574e-06,6.355927889303268e-08,17.303920015045474,1.0998246082749574e-06,6.355927889303267e-08,5.986883244619039e-16,0.0,1.184367431450578e-13,1.4534709257423207e-16,1.1670017227639612e-16,3.94701569932237e-17,8.203794746607036e-09
1380,1.3800000000000001,25.132741228729877,1.1528555887707626e-11,4.587066640599559e-13,-10.053096491490361,3.0233593406592263e-12,3.007391148806028e-13,5.026548245748486,4.815703391614079e-12,9.580537490497228e-13,17.303920017512507,1.1022916446279396e-06,6.370184985427384e-08,17.303920017512507,1.102291641075226e-06,6.370184964896117e-08,0.0,0.0,2.2914314707516465e-13,1.4798900094422077e-16,1.0086093334780429e-16,3.5235758870533207e-17,8.816934880894392e-09
1400,1.4000000000000001,25.132741228730037,1.1688428003253648e-11,4.650677734228828e-13,-10.053096491490384,3.0464519795714295e-12,3.0303618215054867e-13,5.026548245748574,4.9045212335840915e-12,9.757234972800755e-13,17.303920019815006,1.1045941441523155e-06,6.383491217013749e-08,17.30392001981501,1.1045941441523155e-06,6.383491217013747e-08,3.678041406499688e-16,0.0,1.214175959108492e-13,1.0968362305930672e-16,1.0694039594001094e-16,3.133578630987291e-17,9.482093464239e-09
1420,1.42,25.132741228730204,1.1855405546157272e-11,4.717115987574955e-13,-10.053096491490413,3.0748736890018336e-12,3.058633418674051e-13,5.026548245748659,4.9888981834556034e-12,9.925097580989107e-13,17.303920021961044,1.106740182166277e-06,6.395893251630737e-08,17.303920021961044,1.1067401786135633e-06,6.39589323109947e-08,2.4812149578088843e-16,0.0,2.2914314707516465e-13,1.276328580234118e-16,1.22930684417828e-16,2.7765191213182434e-17,1.0200886285860087e-08
1440,1.44,25.13274122873037,1.2022383089060895e-11,4.783554240921081e-13,-10.053096491490434,3.0961899710746366e-12,3.0798371165504746e-13,5.026548245748742,5.072386954907415e-12,1.0091193214354421e-12,17.30392002395826,1.1087373970042336e-06,6.407435231500973e-08,17.30392002395826,1.1087373934515199e-06,6.407435210969705e-08,3.7661562577725123e-16,0.0,4.764346674119284e-13,1.2258069450184206e-16,1.1800586284701279e-16,2.4508916560978682e-17,1.0969759144800784e-08
1460,1.46,25.132741228730538,1.2189360631964519e-11,4.849992494267206e-13,-10.053096491490468,3.1299407510232413e-12,3.1134096381881444e-13,5.026548245748829,5.1594284400380275e-12,1.0264356747011878e-12,17.303920025813913,1.1105930504129446e-06,6.41815912253284e-08,17.303920025813913,1.110593046860231e-06,6.418159102001573e-08,1.2703482779370927e-16,0.0,2.2737367544323206e-13,1.1502642345609887e-16,1.096533790546031e-16,2.1547721819711528e-17,1.1783931087927527e-08
1480,1.48,25.132741228730705,1.2356338174868142e-11,4.916430747613333e-13,-10.053096491490495,3.156586103614245e-12,3.139914260533674e-13,5.026548245748915,5.2446935683292395e-12,1.0433986330023264e-12,17.303920027534875,1.112314013340665e-06,6.428104632195432e-08,17.303920027534875,1.1123140097879514e-06,6.428104611664165e-08,2.57099342842192e-16,0.0,8.526512829121202e-14,1.3681048952858179e-16,1.1651498843654127e-16,1.8862362617835635e-17,1.2647569602130775e-08
1500,1.5,25.132741228730872,1.2523315717771766e-11,4.982869000959459e-13,-10.053096491490516,3.177902385687048e-12,3.1611179584100967e-13,5.026548245748999,5.329070518200751e-12,1.0601848938211614e-12,17.30392002912768,1.11390681922785e-06,6.437309517487538e-08,17.303920029127685,1.11390681922785e-06,6.437309517487537e-08,6.504156955680404e-16,0.0,9.165725883006586e-13,1.4627203955190665e-16,1.3332696242934614e-16,1.6435754589706475e-17,1.3584298225186976e-08
1520,1.52,25.132741228731035,1.2686740546996589e-11,5.047893674447157e-13,-10.053096491490543,3.204547738278052e-12,3.187622580755626e-13,5.026548245749087,5.417000181751064e-12,1.0776779445692107e-12,17.30392003059857,1.1153777066397197e-06,6.44580983131284e-08,17.303920030598572,1.1153777066397197e-06,6.445809831312839e-08,2.632705949807471e-16,0.0,2.2737367544323206e-13,1.2827833625038382e-16,1.381193285348864e-16,1.4253389962499845e-17,1.4640982078308899e-08
1540,1.54,25.132741228731202,1.2853718089900212e-11,5.114331927793283e-13,-10.053096491490567,3.2294167340296553e-12,3.21236022827812e-13,5.026548245749171,5.501377131622576e-12,1.0944642053880457e-12,17.303920031953435,1.1167325730809807e-06,6.453639655573454e-08,17.303920031953435,1.116732569528267e-06,6.453639635042187e-08,5.328248537157456e-16,0.0,2.3437142008433856e-13,1.266618978870384e-16,1.2295601023409599e-16,1.2302594210705718e-17,1.587151658339202e-08
1560,1.56,25.13274122873137,1.3020695632803836e-11,5.180770181139409e-13,-10.053096491490589,3.2507330161024584e-12,3.2335639261545427e-13,5.026548245749258,5.588418616753188e-12,1.1117805586537912e-12,17.30392003319792,1.1179770567082414e-06,6.460831573389054e-08,17.303920033197922,1.1179770567082414e-06,6.460831573389053e-08,4.04387862059981e-16,0.0,2.2914314707516465e-13,1.3247234779137799e-16,1.0536892128294789e-16,1.0571248185934544e-17,1.7295549550035174e-08
1580,1.58,25.132741228731525,1.3177015034671058e-11,5.24296769491025e-13,-10.053096491490617,3.2791547255328624e-12,3.261835523323107e-13,5.026548245749341,5.6710192097853e-12,1.1282134245080192e-12,17.30392003433739,1.1191165292245842e-06,6.467416628034338e-08,17.303920034337395,1.1191165292245842e-06,6.467416628034336e-08,4.0921375959355245e-16,0.0,2.2914314707516465e-13,1.2933427823674668e-16,1.2438518770635964e-16,9.04651699724864e-18,1.885458410866931e-08
1600,1.6,25.132741228731692,1.3343992577574681e-11,5.309405948256376e-13,-10.05309649149064,3.3022473644450656e-12,3.284806196022566e-13,5.026548245749423,5.752731624397711e-12,1.1444695928799438e-12,17.303920035376976,1.1201561136431337e-06,6.473424425595357e-08,17.303920035376976,1.12015611009042e-06,6.47342440506409e-08,4.140965351377663e-16,0.0,4.687428401686771e-13,1.1417439368231274e-16,1.2256771340639322e-16,7.713982698209871e-18,2.039716508515018e-08
1620,1.62,25.13274122873186,1.3510970120478305e-11,5.375844201602503e-13,-10.053096491490669,3.3306690738754696e-12,3.3130777931911297e-13,5.026548245749505,5.835332217429823e-12,1.1609024587341716e-12,17.303920036321554,1.1211006913924848e-06,6.478883176032059e-08,17.303920036321557,1.1211006913924848e-06,6.478883176032058e-08,1.3967879710996641e-16,0.0,1.1737446702675253e-13,1.3256512320376053e-16,1.1646133181693846e-16,6.557401638380229e-18,2.1712781219393733e-08
1640,1.6400000000000001,25.13274122873202,1.3670842236024328e-11,5.439455295231772e-13,-10.053096491490694,3.355538069627073e-12,3.337815440713624e-13,5.0265482457495905,5.920597345721035e-12,1.1778654170353102e-12,17.3039200371758,1.1219549378438387e-06,6.483819898490938e-08,17.3039200371758,1.121954934291125e-06,6.48381987795967e-08,2.82689020770217e-16,0.0,2.3437142008433856e-13,1.196424044470472e-16,1.162885366594357e-16,5.559084501350658e-18,2.2627423632590053e-08
1660,1.6600000000000001,25.132741228732193,1.3844925206285552e-11,5.508720708294755e-13,-10.053096491490717,3.3786307085392764e-12,3.360786113413082e-13,5.026548245749679,6.009415187691047e-12,1.195535165265663e-12,17.303920037944174,1.1227233116528623e-06,6.488260359711244e-08,17.303920037944177,1.1227233116528623e-06,6.488260359711242e-08,4.290881579281832e-16,0.0,1.7061010432953777e-13,1.3439421663232033e-16,1.189583033083979e-16,4.700704618620711e-18,2.3167423406926378e-08
1680,1.68,25.132741228732357,1.4008350035510375e-11,5.573745381782453e-13,-10.05309649149074,3.4017233474514796e-12,3.3837567861125406e-13,5.026548245749759,6.0893512454640586e-12,1.2114379386729804e-12,17.303920038630928,1.1234100654178292e-06,6.49222913561878e-08,17.30392003863093,1.1234100654178292e-06,6.492229135618778e-08,4.342004752899803e-16,0.0,2.2914314707516465e-13,1.1401815510281179e-16,1.1646911758797489e-16,3.964270714768409e-18,2.3777804811716282e-08
1700,1.7,25.132741228732513,1.4164669437377597e-11,5.635942895553294e-13,-10.05309649149076,3.4212632726848824e-12,3.4031935091659285e-13,5.026548245749845,6.175504552174971e-12,1.2285775944564226e-12,17.30392003924014,1.1240192776540425e-06,6.495749796107297e-08,17.30392003924014,1.1240192741013288e-06,6.49574977557603e-08,4.3937068722455837e-16,0.0,1.1368683772161603e-13,1.3859795829202076e-16,1.2436330317911427e-16,3.3330463092298874e-18,2.545733424613531e-08
1720,1.72,25.132741228732687,1.4338752407638822e-11,5.705208308616276e-13,-10.053096491490782,3.4443559115970857e-12,3.426164181865387e-13,5.026548245749934,6.264322394144983e-12,1.2462473426867752e-12,17.30392003977573,1.12455486700469e-06,6.498844987163564e-08,17.30392003977573,1.1245548634519764e-06,6.498844966632297e-08,2.9639933205862273e-16,0.0,1.214175959108492e-13,1.2179879372549181e-16,1.2480276174752853e-16,2.792258038791992e-18,2.9399348367607517e-08
1740,1.74,25.13274122873285,1.4502177236863645e-11,5.770232982103975e-13,-10.053096491490809,3.4710012641880894e-12,3.4526688042109164e-13,5.026548245750022,6.352252057695296e-12,1.2637403934348244e-12,17.303920040241415,1.1250205531609936e-06,6.501536205023431e-08,17.303920040241415,1.12502054960828e-06,6.501536184492164e-08,4.498856126516202e-16,0.0,1.7067822212573437e-13,1.5511092364939477e-16,1.62289017722576e-16,2.3294744716806388e-18,3.6096750085372764e-08
1760,1.76,25.132741228733025,1.467626020712487e-11,5.839498395166958e-13,-10.053096491490832,3.4940939031002927e-12,3.475639476910375e-13,5.026548245750108,6.438405364406208e-12,1.2808800492182666e-12,17.30392004064077,1.1254199066002002e-06,6.503844083609567e-08,17.303920040640772,1.1254199066002002e-06,6.503844083609566e-08,3.034871574387396e-16,0.0,2.278173318171838e-13,1.2002153079844995e-16,1.2321615027754997e-16,1.934581023096106e-18,4.494746252651749e-08
1780,1.78,25.13274122873319,1.4843237750028493e-11,5.905936648513084e-13,-10.053096491490853,3.5154101851730957e-12,3.496843174786798e-13,5.026548245750191,6.5210059574383195e-12,1.2973129150724945e-12,17.303920040977225,1.1257563627964373e-06,6.505788476656515e-08,17.303920040977225,1.1257563592437236e-06,6.505788456125248e-08,1.5354485812910024e-16,0.0,1.202161876938748e-13,1.2121969809001622e-16,1.3329963493361428e-16,1.599374815401088e-18,5.462538411934177e-08
1800,1.8,25.13274122873335,1.5003109865574515e-11,5.969547742142353e-13,-10.053096491490876,3.538502824085299e-12,3.5198138474862565e-13,5.0265482457502735,6.603606550470431e-12,1.3137457809267225e-12,17.30392004125405,1.1260331866935758e-06,6.507388252398038e-08,17.303920041254052,1.1260331866935758e-06,6.507388252398036e-08,1.5536577791090642e-16,0.0,1.1368683772161603e-13,1.4888358959616505e-16,1.2648826640725553e-16,1.3169289662956018e-18,6.343580136252308e-08
1820,1.82,25.13274122873351,1.5162981981120538e-11,6.033158835771623e-13,-10.053096491490896,3.5580427493187017e-12,3.5392505705396443e-13,5.02654824575036,6.689759857181343e-12,1.3308854367101647e-12,17.3039200414744,1.126253536654076e-06,6.508661663129907e-08,17.3039200414744,1.1262535331013623e-06,6.508661642598638e-08,4.716192212864662e-16,0.0,2.3437142008433856e-13,1.3062366427095097e-16,1.4650142752404976e-16,1.0809562224660273e-18,6.946357675226608e-08
1840,1.84,25.13274122873368,1.532995952402416e-11,6.099597089117749e-13,-10.053096491490923,3.5846881019097054e-12,3.5657551928851737e-13,5.026548245750449,6.779465877571056e-12,1.3487318824228209e-12,17.303920041641277,1.1264204147209966e-06,6.509626057772174e-08,17.30392004164128,1.1264204147209966e-06,6.509626057772173e-08,4.772004449319102e-16,0.0,2.2737367544323206e-13,1.2360565905811481e-16,1.3627310668700422e-16,8.853793368093931e-19,7.069694175764969e-08
1860,1.86,25.132741228733856,1.5507595207964187e-11,6.17027608203916e-13,-10.053096491490948,3.609557097661309e-12,3.5904928404076674e-13,5.026548245750536,6.866507362701668e-12,1.3660482356885664e-12,17.30392004175757,1.1265367092505585e-06,6.510298128244369e-08,17.30392004175757,1.1265367056978448e-06,6.510298107713101e-08,3.21894142295469e-16,0.0,2.428351918216984e-13,1.1620254310206915e-16,1.2535620346460755e-16,7.242072883269683e-19,7.074545117941883e-08
1880,1.8800000000000001,25.132741228734023,1.567457275086781e-11,6.236714335385286e-13,-10.053096491490969,3.630873379734112e-12,3.6116965382840903e-13,5.026548245750625,6.955325204671681e-12,1.3837179839189192e-12,17.303920041826043,1.12660518070129e-06,6.510693827340436e-08,17.303920041826043,1.1266051771485763e-06,6.510693806809167e-08,3.2569449106051803e-16,0.0,2.2914314707516465e-13,1.3925449632333658e-16,1.213434370314323e-16,5.916823825511792e-19,9.681474637777488e-08
1900,1.9000000000000001,25.13274122873419,1.5841550293771434e-11,6.303152588731412e-13,-10.053096491490988,3.650413304967515e-12,3.631133261337478e-13,5.026548245750713,7.043254868221993e-12,1.4012110346669682e-12,17.303920041849334,1.1266284722921682e-06,6.510828430322525e-08,17.303920041849334,1.1266284687394545e-06,6.510828409791258e-08,0.0,0.0,1.214175959108492e-13,1.2664033380782948e-16,1.0763496775555757e-16,4.825664694514137e-19,1.2619568913338944e-07
1920,1.92,25.13274122873435,1.6001422409317456e-11,6.366763682360682e-13,-10.053096491491011,3.673505943879718e-12,3.654103934036937e-13,5.026548245750799,7.129408174932905e-12,1.4183506904504104e-12,17.303920041829993,1.1266091313189008e-06,6.5107166581086e-08,17.303920041829993,1.1266091277661872e-06,6.510716637577331e-08,0.0,0.0,1.156679772130055e-13,1.2265947099931236e-16,1.114981511583768e-16,3.9241183065226455e-19,1.589249750544767e-07
1940,1.94,25.132741228734524,1.617550537957868e-11,6.436029095423664e-13,-10.053096491491035,3.696598582791921e-12,3.6770746067363954e-13,5.02654824575089,7.220002373742318e-12,1.4363738336453701e-12,17.303920041770443,1.1265495807322168e-06,6.5103725130223e-08,17.303920041770443,1.126549577179503e-06,6.510372492491031e-08,3.3733596590338257e-16,0.0,2.2737367544323206e-13,1.2275825810145688e-16,1.1449174622450753e-16,3.1769872312023713e-19,1.9575704270826398e-07
1960,1.96,25.1327412287347,1.6353141063518706e-11,6.506708088345075e-13,-10.053096491491058,3.7196912217041245e-12,3.700045279435854e-13,5.026548245750979,7.30882021571233e-12,1.454043581875723e-12,17.30392004167301,1.1264521475595757e-06,6.509809443043074e-08,17.30392004167301,1.126452144006862e-06,6.509809422511807e-08,3.4129707476118116e-16,0.0,2.2737367544323206e-13,1.5068929183688137e-16,1.3011162361893422e-16,2.5579539925539164e-19,2.385792670292041e-07
1980,1.98,25.13274122873486,1.6513013179064728e-11,6.570319181974344e-13,-10.053096491491077,3.739231146937527e-12,3.719482002489242e-13,5.026548245751066,7.395861700842943e-12,1.4713599351414684e-12,17.303920041539925,1.1263190629051678e-06,6.509040341806181e-08,17.303920041539925,1.1263190593524541e-06,6.509040321274913e-08,5.179480978792028e-16,0.0,2.2914314707516465e-13,1.359612785531159e-16,1.5332200581208066e-16,2.0476922791579363e-19,2.906968552750681e-07
2000,2.0,25.132741228735036,1.6687096149325953e-11,6.639584595037328e-13,-10.0530964914911,3.7623237858497305e-12,3.7424526751887004e-13,5.02654824575116,7.490008613331156e-12,1.4900898682656424e-12,17.303920041373324,1.1261524619499141e-06,6.508077548602689e-08,17.303920041373328,1.1261524619499141e-06,6.508077548602687e-08,5.240116242754412e-16,0.0,2.2914314707516465e-13,1.3002309209903667e-16,1.4863687797354468e-16,1.6312839523772372e-19,3.5676249075369866e-07
